{
  "best_metric": 0.564549446105957,
  "best_model_checkpoint": "./results/run-7/checkpoint-500",
  "epoch": 6.389776357827476,
  "global_step": 1000,
  "is_hyper_param_search": true,
  "is_local_process_zero": true,
  "is_world_process_zero": true,
  "log_history": [
    {
      "epoch": 3.19,
      "learning_rate": 0.00027595239282235547,
      "loss": 0.3486,
      "step": 500
    },
    {
      "epoch": 3.19,
      "eval_accuracy": 0.8202,
      "eval_loss": 0.564549446105957,
      "eval_runtime": 17.4795,
      "eval_samples_per_second": 286.05,
      "eval_steps_per_second": 35.756,
      "step": 500
    },
    {
      "epoch": 6.39,
      "learning_rate": 0.00024294373339384405,
      "loss": 0.1086,
      "step": 1000
    },
    {
      "epoch": 6.39,
      "eval_accuracy": 0.8076,
      "eval_loss": 0.7751719951629639,
      "eval_runtime": 17.4852,
      "eval_samples_per_second": 285.955,
      "eval_steps_per_second": 35.744,
      "step": 1000
    }
  ],
  "max_steps": 4680,
  "num_train_epochs": 30,
  "total_flos": 41863183211520.0,
  "trial_name": null,
  "trial_params": {
    "learning_rate": 0.0003089610522508669,
    "per_device_train_batch_size": 64
  }
}
