{
  "best_metric": 0.4091545343399048,
  "best_model_checkpoint": "./results/run-6/checkpoint-1000",
  "epoch": 1.6,
  "global_step": 1000,
  "is_hyper_param_search": true,
  "is_local_process_zero": true,
  "is_world_process_zero": true,
  "log_history": [
    {
      "epoch": 0.8,
      "learning_rate": 0.00013087478843673144,
      "loss": 0.5132,
      "step": 500
    },
    {
      "epoch": 0.8,
      "eval_accuracy": 0.8088,
      "eval_loss": 0.4173828959465027,
      "eval_runtime": 18.0986,
      "eval_samples_per_second": 276.264,
      "eval_steps_per_second": 34.533,
      "step": 500
    },
    {
      "epoch": 1.6,
      "learning_rate": 0.00012820387438700222,
      "loss": 0.3726,
      "step": 1000
    },
    {
      "epoch": 1.6,
      "eval_accuracy": 0.8168,
      "eval_loss": 0.4091545343399048,
      "eval_runtime": 18.1713,
      "eval_samples_per_second": 275.159,
      "eval_steps_per_second": 34.395,
      "step": 1000
    }
  ],
  "max_steps": 25000,
  "num_train_epochs": 40,
  "total_flos": 10481518080000.0,
  "trial_name": null,
  "trial_params": {
    "learning_rate": 0.00013354570248646065,
    "per_device_train_batch_size": 16
  }
}
